{
  "first_request": {
    "name": "First Request (Cold)",
    "count": 1,
    "mean": 2018.133,
    "median": 2018.133,
    "std": 0.0,
    "min": 2018.133,
    "max": 2018.133,
    "p50": 2018.133,
    "p95": 2018.133,
    "p99": 2018.133
  },
  "warm_cache": {
    "name": "Warm Cache",
    "count": 100,
    "mean": 8.349169999999997,
    "median": 8.1905,
    "std": 1.1438864021833637,
    "min": 6.062,
    "max": 12.461,
    "p50": 8.1905,
    "p95": 10.58115,
    "p99": 11.161130000000007
  },
  "direct_origin": {
    "name": "Direct Origin",
    "count": 50,
    "mean": 1654.3313999999996,
    "median": 1607.0895,
    "std": 84.52827692435237,
    "min": 1604.773,
    "max": 1806.493,
    "p50": 1607.0895,
    "p95": 1806.0789499999998,
    "p99": 1806.43959
  }
}