{
  "first_request": {
    "name": "First Request (Cold)",
    "count": 1,
    "mean": 1822.502,
    "median": 1822.502,
    "std": 0.0,
    "min": 1822.502,
    "max": 1822.502,
    "p50": 1822.502,
    "p95": 1822.502,
    "p99": 1822.502
  },
  "warm_cache": {
    "name": "Warm Cache",
    "count": 100,
    "mean": 6.93669,
    "median": 6.8325,
    "std": 0.9368361937393324,
    "min": 5.086,
    "max": 10.488,
    "p50": 6.8325,
    "p95": 8.408050000000001,
    "p99": 9.630660000000004
  },
  "direct_origin": {
    "name": "Direct Origin",
    "count": 50,
    "mean": 1645.5076,
    "median": 1609.8595,
    "std": 76.04959889282783,
    "min": 1606.246,
    "max": 1809.925,
    "p50": 1609.8595,
    "p95": 1809.0673,
    "p99": 1809.86473
  }
}